{
  "timestamp": "2026-04-26T17:51:23.838108",
  "model": "unitary/toxic-bert",
  "test_samples": 38,
  "overall_metrics": {
    "accuracy": 0.7368421052631579,
    "precision": 1.0,
    "recall": 0.6,
    "f1_score": 0.75,
    "support": 38,
    "roc_auc": 0.996923076923077
  },
  "confusion_matrix": [
    [
      13,
      0
    ],
    [
      10,
      15
    ]
  ],
  "error_rate": 0.2631578947368421
}